{
  "learning_rate": 0.03023010289847456,
  "num_leaves": 244,
  "max_depth": 16,
  "subsample": 0.9594070125524727,
  "colsample_bytree": 0.7218315155345053,
  "min_child_samples": 11,
  "reg_alpha": 0.27725903234668975,
  "reg_lambda": 0.23284432908522887
}