{
    "A": {
        "precision": 0.6271186440677966,
        "recall": 0.6132596685082873,
        "f1-score": 0.6201117318435754,
        "support": 543.0
    },
    "D": {
        "precision": 0.35699797160243407,
        "recall": 0.43781094527363185,
        "f1-score": 0.39329608938547483,
        "support": 402.0
    },
    "H": {
        "precision": 0.7254901960784313,
        "recall": 0.6425470332850941,
        "f1-score": 0.681504221028396,
        "support": 691.0
    },
    "accuracy": 0.5825183374083129,
    "macro avg": {
        "precision": 0.569868937249554,
        "recall": 0.5645392156890044,
        "f1-score": 0.5649706807524821,
        "support": 1636.0
    },
    "weighted avg": {
        "precision": 0.602293602569186,
        "recall": 0.5825183374083129,
        "f1-score": 0.590308750033401,
        "support": 1636.0
    }
}
