{
    "A": {
        "precision": 0.6192170818505338,
        "recall": 0.6408839779005525,
        "f1-score": 0.6298642533936651,
        "support": 543.0
    },
    "D": {
        "precision": 0.3557951482479784,
        "recall": 0.3283582089552239,
        "f1-score": 0.34152652005174644,
        "support": 402.0
    },
    "H": {
        "precision": 0.6884779516358464,
        "recall": 0.7004341534008683,
        "f1-score": 0.6944045911047346,
        "support": 691.0
    },
    "accuracy": 0.589242053789731,
    "macro avg": {
        "precision": 0.5544967272447862,
        "recall": 0.5565587800855482,
        "f1-score": 0.5552651215167154,
        "support": 1636.0
    },
    "weighted avg": {
        "precision": 0.583742536443091,
        "recall": 0.589242053789731,
        "f1-score": 0.5862735471313777,
        "support": 1636.0
    }
}
