{
    "A": {
        "precision": 0.5947712418300654,
        "recall": 0.6408450704225352,
        "f1-score": 0.6169491525423729,
        "support": 142.0
    },
    "D": {
        "precision": 0.34615384615384615,
        "recall": 0.18181818181818182,
        "f1-score": 0.23841059602649006,
        "support": 99.0
    },
    "H": {
        "precision": 0.6289592760180995,
        "recall": 0.7513513513513513,
        "f1-score": 0.6847290640394089,
        "support": 185.0
    },
    "accuracy": 0.5821596244131455,
    "macro avg": {
        "precision": 0.5232947880006703,
        "recall": 0.5246715345306895,
        "f1-score": 0.5133629375360906,
        "support": 426.0
    },
    "weighted avg": {
        "precision": 0.5518408759916631,
        "recall": 0.5821596244131455,
        "f1-score": 0.5584138627111036,
        "support": 426.0
    }
}