{
    "A": {
        "precision": 0.5742574257425742,
        "recall": 0.6148409893992933,
        "f1-score": 0.5938566552901023,
        "support": 566.0
    },
    "D": {
        "precision": 0.3028391167192429,
        "recall": 0.21238938053097345,
        "f1-score": 0.24967490247074123,
        "support": 452.0
    },
    "H": {
        "precision": 0.6505190311418685,
        "recall": 0.7305699481865285,
        "f1-score": 0.6882245271507016,
        "support": 772.0
    },
    "accuracy": 0.5631284916201117,
    "macro avg": {
        "precision": 0.5092051912012285,
        "recall": 0.5192667727055985,
        "f1-score": 0.5105853616371817,
        "support": 1790.0
    },
    "weighted avg": {
        "precision": 0.5386109920496744,
        "recall": 0.5631284916201117,
        "f1-score": 0.547645395402969,
        "support": 1790.0
    }
}
