{
    "A": {
        "precision": 0.5327102803738317,
        "recall": 0.5248618784530387,
        "f1-score": 0.5287569573283859,
        "support": 543.0
    },
    "D": {
        "precision": 0.28421052631578947,
        "recall": 0.13432835820895522,
        "f1-score": 0.18243243243243243,
        "support": 402.0
    },
    "H": {
        "precision": 0.5565312843029637,
        "recall": 0.7337192474674384,
        "f1-score": 0.6329588014981273,
        "support": 691.0
    },
    "accuracy": 0.5171149144254279,
    "macro avg": {
        "precision": 0.45781736366419495,
        "recall": 0.4643031613764775,
        "f1-score": 0.44804939708631525,
        "support": 1636.0
    },
    "weighted avg": {
        "precision": 0.48170992131741197,
        "recall": 0.5171149144254279,
        "f1-score": 0.48766955837552406,
        "support": 1636.0
    }
}