{
    "A": {
        "precision": 0.6164383561643836,
        "recall": 0.656934306569343,
        "f1-score": 0.6360424028268551,
        "support": 411.0
    },
    "D": {
        "precision": 0.3715415019762846,
        "recall": 0.2640449438202247,
        "f1-score": 0.30870279146141216,
        "support": 356.0
    },
    "H": {
        "precision": 0.6348484848484849,
        "recall": 0.7174657534246576,
        "f1-score": 0.6736334405144695,
        "support": 584.0
    },
    "accuracy": 0.5795706883789785,
    "macro avg": {
        "precision": 0.5409427809963844,
        "recall": 0.5461483346047418,
        "f1-score": 0.5394595449342455,
        "support": 1351.0
    },
    "weighted avg": {
        "precision": 0.5598641408132007,
        "recall": 0.5795706883789785,
        "f1-score": 0.5660351965821987,
        "support": 1351.0
    }
}
