{
    "A": {
        "precision": 0.6273764258555133,
        "recall": 0.6077348066298343,
        "f1-score": 0.617399438727783,
        "support": 543.0
    },
    "D": {
        "precision": 0.3645621181262729,
        "recall": 0.44527363184079605,
        "f1-score": 0.4008958566629339,
        "support": 402.0
    },
    "H": {
        "precision": 0.7253634894991923,
        "recall": 0.6497829232995659,
        "f1-score": 0.6854961832061068,
        "support": 691.0
    },
    "accuracy": 0.5855745721271394,
    "macro avg": {
        "precision": 0.5724340111603262,
        "recall": 0.5675971205900653,
        "f1-score": 0.5679304928656079,
        "support": 1636.0
    },
    "weighted avg": {
        "precision": 0.6041843166077306,
        "recall": 0.5855745721271394,
        "f1-score": 0.5929620367989642,
        "support": 1636.0
    }
}
