{
    "A": {
        "precision": 0.589171974522293,
        "recall": 0.7212475633528265,
        "f1-score": 0.6485539000876425,
        "support": 513.0
    },
    "D": {
        "precision": 0.3548387096774194,
        "recall": 0.16097560975609757,
        "f1-score": 0.2214765100671141,
        "support": 410.0
    },
    "H": {
        "precision": 0.6621287128712872,
        "recall": 0.765379113018598,
        "f1-score": 0.710019907100199,
        "support": 699.0
    },
    "accuracy": 0.5986436498150431,
    "macro avg": {
        "precision": 0.5353797990236665,
        "recall": 0.5492007620425073,
        "f1-score": 0.5266834390849852,
        "support": 1622.0
    },
    "weighted avg": {
        "precision": 0.5613792011064783,
        "recall": 0.5986436498150431,
        "f1-score": 0.5670884309096896,
        "support": 1622.0
    }
}
