{
    "A": {
        "precision": 0.7071823204419889,
        "recall": 0.43243243243243246,
        "f1-score": 0.5366876310272537,
        "support": 592.0
    },
    "D": {
        "precision": 0.3244397011739594,
        "recall": 0.6816143497757847,
        "f1-score": 0.4396240057845264,
        "support": 446.0
    },
    "H": {
        "precision": 0.7727272727272727,
        "recall": 0.5020134228187919,
        "f1-score": 0.6086248982912937,
        "support": 745.0
    },
    "accuracy": 0.5238362310712282,
    "macro avg": {
        "precision": 0.6014497647810737,
        "recall": 0.5386867350090031,
        "f1-score": 0.5283121783676913,
        "support": 1783.0
    },
    "weighted avg": {
        "precision": 0.6388299823931921,
        "recall": 0.5238362310712282,
        "f1-score": 0.5424660310572332,
        "support": 1783.0
    }
}