{
    "A": {
        "precision": 0.598694942903752,
        "recall": 0.6758747697974218,
        "f1-score": 0.6349480968858131,
        "support": 543.0
    },
    "D": {
        "precision": 0.33876221498371334,
        "recall": 0.25870646766169153,
        "f1-score": 0.2933709449929478,
        "support": 402.0
    },
    "H": {
        "precision": 0.6857541899441341,
        "recall": 0.7105643994211288,
        "f1-score": 0.6979388770433547,
        "support": 691.0
    },
    "accuracy": 0.5880195599022005,
    "macro avg": {
        "precision": 0.5410704492771998,
        "recall": 0.5483818789600807,
        "f1-score": 0.5420859729740385,
        "support": 1636.0
    },
    "weighted avg": {
        "precision": 0.5715952993102609,
        "recall": 0.5880195599022005,
        "f1-score": 0.5776208438466501,
        "support": 1636.0
    }
}