{
    "A": {
        "precision": 0.6012176560121766,
        "recall": 0.6672297297297297,
        "f1-score": 0.6325060048038431,
        "support": 592.0
    },
    "D": {
        "precision": 0.38873239436619716,
        "recall": 0.3094170403587444,
        "f1-score": 0.3445692883895131,
        "support": 446.0
    },
    "H": {
        "precision": 0.6809338521400778,
        "recall": 0.7046979865771812,
        "f1-score": 0.6926121372031663,
        "support": 745.0
    },
    "accuracy": 0.5933819405496354,
    "macro avg": {
        "precision": 0.5569613008394839,
        "recall": 0.5604482522218851,
        "f1-score": 0.5565624767988409,
        "support": 1783.0
    },
    "weighted avg": {
        "precision": 0.5813747729057154,
        "recall": 0.5933819405496354,
        "f1-score": 0.5855959055984054,
        "support": 1783.0
    }
}