{
    "A": {
        "precision": 0.5710059171597633,
        "recall": 0.7108655616942909,
        "f1-score": 0.6333059885151764,
        "support": 543.0
    },
    "D": {
        "precision": 0.36683417085427134,
        "recall": 0.18159203980099503,
        "f1-score": 0.24292845257903495,
        "support": 402.0
    },
    "H": {
        "precision": 0.6649145860709592,
        "recall": 0.7322720694645442,
        "f1-score": 0.696969696969697,
        "support": 691.0
    },
    "accuracy": 0.5898533007334963,
    "macro avg": {
        "precision": 0.5342515580283314,
        "recall": 0.5415765569866101,
        "f1-score": 0.5244013793546362,
        "support": 1636.0
    },
    "weighted avg": {
        "precision": 0.5605009343986561,
        "recall": 0.5898533007334963,
        "f1-score": 0.5642716688915486,
        "support": 1636.0
    }
}