{
    "A": {
        "precision": 0.5825105782792666,
        "recall": 0.6976351351351351,
        "f1-score": 0.6348962336664105,
        "support": 592.0
    },
    "D": {
        "precision": 0.32489451476793246,
        "recall": 0.1726457399103139,
        "f1-score": 0.22547584187408493,
        "support": 446.0
    },
    "H": {
        "precision": 0.6606929510155317,
        "recall": 0.7422818791946308,
        "f1-score": 0.6991150442477876,
        "support": 745.0
    },
    "accuracy": 0.5849691531127313,
    "macro avg": {
        "precision": 0.5226993480209102,
        "recall": 0.5375209180800266,
        "f1-score": 0.5198290399294276,
        "support": 1783.0
    },
    "weighted avg": {
        "precision": 0.550737781511158,
        "recall": 0.5849691531127313,
        "f1-score": 0.559316603348827,
        "support": 1783.0
    }
}