{
    "A": {
        "precision": 0.563573883161512,
        "recall": 0.5046153846153846,
        "f1-score": 0.5324675324675324,
        "support": 650.0
    },
    "D": {
        "precision": 0.29143897996357016,
        "recall": 0.32719836400818,
        "f1-score": 0.30828516377649323,
        "support": 489.0
    },
    "H": {
        "precision": 0.6134453781512605,
        "recall": 0.6193939393939394,
        "f1-score": 0.6164053075995175,
        "support": 825.0
    },
    "accuracy": 0.5086558044806517,
    "macro avg": {
        "precision": 0.48948608042544756,
        "recall": 0.48373589600583466,
        "f1-score": 0.4857193346145144,
        "support": 1964.0
    },
    "weighted avg": {
        "precision": 0.5167663555152539,
        "recall": 0.5086558044806517,
        "f1-score": 0.5119092260489833,
        "support": 1964.0
    }
}