{
    "A": {
        "precision": 0.7043478260869566,
        "recall": 0.4542056074766355,
        "f1-score": 0.5522727272727272,
        "support": 535.0
    },
    "D": {
        "precision": 0.3215158924205379,
        "recall": 0.6675126903553299,
        "f1-score": 0.43399339933993397,
        "support": 394.0
    },
    "H": {
        "precision": 0.7680180180180181,
        "recall": 0.5029498525073747,
        "f1-score": 0.6078431372549019,
        "support": 678.0
    },
    "accuracy": 0.5270690728064716,
    "macro avg": {
        "precision": 0.5979605788418375,
        "recall": 0.5415560501131133,
        "f1-score": 0.531369754622521,
        "support": 1607.0
    },
    "weighted avg": {
        "precision": 0.6373488268739452,
        "recall": 0.5270690728064716,
        "f1-score": 0.5467187028560464,
        "support": 1607.0
    }
}