{
    "A": {
        "precision": 0.5964630225080386,
        "recall": 0.6832412523020258,
        "f1-score": 0.6369098712446352,
        "support": 543.0
    },
    "D": {
        "precision": 0.37174721189591076,
        "recall": 0.24875621890547264,
        "f1-score": 0.29806259314456035,
        "support": 402.0
    },
    "H": {
        "precision": 0.676510067114094,
        "recall": 0.7293777134587555,
        "f1-score": 0.7019498607242339,
        "support": 691.0
    },
    "accuracy": 0.5959657701711492,
    "macro avg": {
        "precision": 0.5482401005060145,
        "recall": 0.5537917282220847,
        "f1-score": 0.5456407750378097,
        "support": 1636.0
    },
    "weighted avg": {
        "precision": 0.5750551691808435,
        "recall": 0.5959657701711492,
        "f1-score": 0.5811189341628337,
        "support": 1636.0
    }
}