{
    "A": {
        "precision": 0.6031746031746031,
        "recall": 0.6418918918918919,
        "f1-score": 0.6219312602291326,
        "support": 592.0
    },
    "D": {
        "precision": 0.368,
        "recall": 0.3094170403587444,
        "f1-score": 0.33617539585870887,
        "support": 446.0
    },
    "H": {
        "precision": 0.6799485861182519,
        "recall": 0.7100671140939597,
        "f1-score": 0.6946815495732108,
        "support": 745.0
    },
    "accuracy": 0.5872125630959057,
    "macro avg": {
        "precision": 0.5503743964309517,
        "recall": 0.5537920154481987,
        "f1-score": 0.5509294018870174,
        "support": 1783.0
    },
    "weighted avg": {
        "precision": 0.5764268433749089,
        "recall": 0.5872125630959057,
        "f1-score": 0.580849852518605,
        "support": 1783.0
    }
}